date,sales
2026-09-01,697
2026-09-02,297
2026-09-03,959
2026-09-04,178
2026-09-05,1203
2026-09-06,1106
2026-09-07,1097
2026-09-08,644
2026-09-09,2198
2026-09-10,1569
2026-09-11,1175
2026-09-12,2326
2026-09-13,1353
2026-09-14,588
2026-09-15,655
2026-09-16,450
2026-09-17,689
2026-09-18,1580
2026-09-19,801
2026-09-20,922
2026-09-21,669
2026-09-22,1089
2026-09-23,1714
2026-09-24,697
2026-09-25,1499
2026-09-26,1060
2026-09-27,1860
2026-09-28,1343
2026-09-29,876
2026-09-30,839
2026-10-01,2393
2026-10-02,1621