date,expense,fixedStaffSalary
2026-09-01,0,566.6666667
2026-09-02,0,566.6666667
2026-09-03,0,566.6666667
2026-09-04,0,566.6666667
2026-09-05,0,566.6666667
2026-09-06,0,566.6666667
2026-09-07,0,566.6666667
2026-09-08,0,566.6666667
2026-09-09,0,566.6666667
2026-09-10,0,566.6666667
2026-09-11,0,566.6666667
2026-09-12,0,566.6666667
2026-09-13,0,566.6666667
2026-09-14,0,566.6666667
2026-09-15,0,566.6666667
2026-09-16,0,566.6666667
2026-09-17,0,566.6666667
2026-09-18,0,566.6666667
2026-09-19,0,566.6666667
2026-09-20,0,566.6666667
2026-09-21,0,566.6666667
2026-09-22,0,566.6666667
2026-09-23,1551,566.6666667
2026-09-24,458,566.6666667
2026-09-25,793,566.6666667
2026-09-26,749,566.6666667
2026-09-27,1562,566.6666667
2026-09-28,200,566.6666667
2026-09-29,1161,566.6666667
2026-09-30,1011,566.6666667
2026-10-01,2687,566.6666667
2026-10-02,1824,566.6666667